BVP_mean,BVP_std,BVP_min,BVP_max,BVP_median,BVP_skew,BVP_kurt,EDA_mean,EDA_std,EDA_min,EDA_max,EDA_median,EDA_skew,EDA_kurt,TEMP_mean,TEMP_std,TEMP_min,TEMP_max,TEMP_median,TEMP_skew,TEMP_kurt,Label,BinaryLabel
1.6703750000000008,73.31597636447353,-336.42,193.57,4.140000000000001,-0.5369240031867691,1.7214691916503535,2.745351758333334,0.1454686162797951,2.534158,3.119045,2.7215565,0.7710819336310593,-0.1055980807188219,32.425666666666665,0.0203606374054357,32.37,32.45,32.43,-0.4128321216477896,-0.5528153448834763,2,1
-0.0975,27.39537934731574,-86.27,98.14,0.72,-0.0079399885271193,2.332819083514608,1.0249256625,0.0233989929640556,0.981836,1.102281,1.022838,0.7226582420030001,0.5014798205442936,33.12283333333333,0.0830981681841152,32.99,33.27,33.13,0.0660536610500861,-1.062065570034288,2,1
-0.8819583333333327,33.70495268871125,-159.17,261.32,4.025,1.5624593267655906,18.39132024495267,0.37292725,0.0123245428439557,0.349481,0.391694,0.372506,-0.0046084886543885,-1.3753414027043251,33.51358333333334,0.0423339074764208,33.43,33.59,33.53,-0.2039734060367325,-1.039120591620479,1,0
0.2678333333333327,73.54415886258782,-309.5,463.3,2.545,0.8783968170019623,10.838992516724016,0.2854274499999999,0.0061723492115374,0.272747,0.317521,0.28426,1.141390087674468,3.168730548713279,33.78491666666667,0.0133850559289903,33.75,33.81,33.79,0.0126758522544478,-0.29669800835019,1,0
0.2031666666666665,13.866571553159384,-76.87,91.54,0.755,0.9978554413824396,15.6091065625329,2.551995745833333,0.0355143720455475,2.50105,2.681424,2.546463,0.8571644403094475,0.7796553115938654,31.80841666666667,0.0225645678492234,31.75,31.85,31.81,-0.5965518653969516,-0.0685785368346714,4,0
-0.5386249999999998,18.09333561082758,-39.78,27.51,5.33,-0.6184424307262086,-0.917044743672744,0.3164229666666667,0.0017886513538293,0.306008,0.320079,0.316242,-1.7275766300535136,6.312776955418768,32.5325,0.0185853885261145,32.5,32.57,32.53,-0.4320472924302383,-0.4555797770865837,4,0
-0.5042500000000005,64.02750117023281,-488.04,357.92,2.37,-1.9372516288250468,22.062042703889247,1.5169436666666667,0.1211933215071298,1.338064,1.693171,1.5413425,-0.1504770103047208,-1.609172500495891,32.840916666666665,0.0170291824687955,32.81,32.89,32.84,0.9971449895858808,1.2565705361376556,1,0
0.3718333333333338,64.88679033495353,-234.77,259.96,9.075,-0.376650773931629,3.1308149164274632,0.2142990374999999,0.0026861463154043,0.203655,0.221564,0.213889,-0.5387321649405117,1.1650609544504111,34.461875,0.0341599332795999,34.39,34.53,34.47,-0.0210268748946206,-1.1372051793955722,1,0
0.1499166666666661,18.58692856085665,-68.8,96.86,0.485,0.5315710331195798,5.489718579617536,0.3720706708333334,0.0376147656280635,0.321862,0.448706,0.353893,0.833391520567979,-0.9553539343849358,32.66716666666667,0.0420551886084083,32.59,32.73,32.66,0.1098947376510809,-1.1663591989206754,2,1
3.002125,57.93083247921071,-243.91,216.69,0.2049999999999999,0.0683089089912316,3.937533828225161,1.0211034458333337,0.0303580622732863,0.982919,1.240079,1.014264,3.406580052236689,17.141803168327172,32.227666666666664,0.0388744417609088,32.16,32.31,32.23,-0.1617344443065614,-0.7996348063534668,2,1
-0.1842916666666663,30.734474405759137,-160.32,205.39,0.855,0.5909610006833294,14.165565720847484,8.802370470833333,0.2336429555898255,8.349003,9.563897,8.773612499999999,0.7615165066335746,0.6225080516612911,32.68916666666666,0.0341707314655231,32.63,32.75,32.68,0.1522434678819884,-1.4755807188292351,2,1
-0.1588333333333332,12.552016716005792,-74.61,92.19,1.07,0.6596841603035036,15.678144520844116,1.2455766625,0.0399688604127045,1.179621,1.319025,1.242289,0.1703886263902163,-1.209694848357515,33.95333333333333,0.1233445940805222,33.77,34.23,33.95,0.3755934279757809,-0.9505930814266526,4,0
-0.0790000000000001,21.544461987558048,-59.53,112.63,5.055,0.1148854560782409,1.9416352809777924,1.6442478958333333,0.0235040128593675,1.59989,1.68561,1.644669,-0.1403484035965827,-1.2309901350101744,33.41233333333333,0.0115998084275373,33.39,33.45,33.41,0.5020743788498033,1.2657380760270711,1,0
-0.3825416666666667,39.59734311108004,-195.95,150.0,4.945,-0.3881312697891328,3.73734844823924,0.3079478291666666,0.0025636642282059,0.300891,0.317521,0.307287,0.7848853154947142,1.2385123875836377,32.109833333333334,0.0272024304469685,32.07,32.16,32.11,0.2901224338568863,-0.9292846709636566,1,0
-1.36325,38.57176234333652,-230.71,287.61,1.59,-0.5504219553796732,23.936128972901987,2.9584717958333333,0.0629956777280855,2.858094,3.136954,2.95659,0.5988873271139655,-0.2670525610450789,33.53466666666667,0.0422282159488442,33.47,33.61,33.55,0.0086852690090556,-1.1623535140153374,2,1
-0.3167083333333333,33.307117839108564,-131.88,123.13,6.43,-0.4598847550066265,2.430453588651725,0.3354250583333333,0.007036339458833,0.3188,0.349502,0.33671,-0.1065910085914153,-0.9923366177646048,33.71825,0.0154468173636719,33.68,33.75,33.71,0.0226700331587416,0.5555904378016141,1,0
1.314749999999999,81.36603195808536,-317.29,407.85,3.81,0.4286853510805294,5.086282831090637,3.143000483333333,0.0520155352559827,2.975957,3.27914,3.146737,0.0010247571268908,0.0241558198106672,34.17316666666667,0.0310103029473897,34.11,34.23,34.16,0.2547526566076062,-1.0221367674197124,1,0
0.0373333333333334,7.410955486455322,-46.94,32.11,0.655,-1.4726117153053222,11.216558879541862,3.314807491666667,0.2787164714685276,2.873122,3.830579,3.3117505,0.1285511518401016,-1.2076881549401568,32.13941666666666,0.0206678427084725,32.09,32.18,32.15,-0.5426306853126256,-0.2858860792140003,2,1
-0.5035416666666671,40.04221202314624,-163.18,113.3,1.64,-0.4847031759635138,2.520729007027906,0.8383783291666667,0.0536237684449487,0.757652,0.967449,0.839524,0.3268937673272294,-0.8477403055087271,32.034416666666665,0.0181335707705034,31.99,32.07,32.03,-0.6710763082895705,0.2835885367087036,2,1
-1.0907083333333345,66.17861382839823,-344.11,309.95,3.58,-0.8727792354619383,8.900026828131418,0.3741229666666666,0.015951369246313,0.351976,0.437665,0.369881,1.336437404012734,1.376420523858037,33.98133333333333,0.036695443253292,33.91,34.05,33.99,-0.0581482633673411,-0.6114913189715097,1,0
2.270375,71.85280739894144,-374.02,342.52,-1.085,0.3056002899790477,6.640373664640492,3.4892433375,0.077071630528675,3.288209,3.706424,3.4902825,0.0039971955431786,0.3389960951017885,33.64795833333333,0.0227760458352377,33.61,33.73,33.65,1.0865011419116526,2.93094284866611,2,1
1.9857083333333323,85.22557343797459,-432.66,328.38,5.825,-0.8496406862323179,4.693102447432331,2.189327554166667,0.2568924626462509,1.898928,2.996245,2.106794,1.1188811588488463,0.5679083292697173,32.6935,0.0209622676890333,32.66,32.73,32.68,-0.0116622060421554,-1.143595438069625,2,1
1.6281250000000005,20.14716080661761,-67.73,103.29,1.105,0.1143818500136706,2.6269115799322864,0.3252017499999999,0.0083548093397854,0.298332,0.334151,0.327755,-1.393463063510514,0.8781655926921643,33.138083333333334,0.0268730296435318,33.09,33.18,33.13,-0.1105623144242964,-0.8091725496228297,2,1
1.635541666666665,185.7028634890694,-549.79,579.96,5.175000000000001,-0.0174452610670125,0.4618432789223696,3.1591002833333333,0.0961853541691494,2.961173,3.369156,3.173478,-0.1342972949194273,-0.7386256413984862,33.922625000000004,0.0733157057412208,33.81,34.05,33.91,0.1989556817745348,-1.196282813702263,2,1
0.3999166666666673,97.86721903507691,-447.87,318.08,17.189999999999998,-0.7217150255789772,3.4612174735186305,0.1807100374999999,0.0093556820949139,0.164001,0.207493,0.178072,1.12810860915528,0.7583477731847963,32.773,0.0125565388012241,32.75,32.79,32.77,-0.1250411307448612,-0.5312943547131388,3,0
-0.29525,38.66564133617209,-113.75,83.1,10.88,-0.6698161154605959,-0.2238536344494859,0.1531385333333333,0.0031485141282127,0.142255,0.160163,0.153767,-0.2706584018907567,-0.3807313949894171,32.89166666666666,0.0117141889272031,32.87,32.91,32.89,-0.0150709467198842,-0.1168810831220734,1,0
0.1337916666666664,14.820939360915371,-65.98,69.72,1.265,-0.0280076318773003,4.803989530236393,1.1933343,0.8058066600103755,0.442299,3.161404,0.815144,1.09427084723501,-0.2197054938701961,32.549083333333336,0.0271107553483036,32.5,32.61,32.55,0.1833366968332258,-0.4347742433449229,2,1
-0.7347916666666662,48.71413802265139,-289.32,168.5,1.0,-1.403476953422655,8.992341216412703,1.158217475,0.0267460669697317,1.10938,1.234739,1.152872,0.6410192268339977,-0.1564831568219884,32.97920833333333,0.0181371606714565,32.95,33.03,32.97,0.7130397615201486,1.07260429810681,2,1
0.1740833333333332,24.58924626050425,-110.57,115.48,1.135,-0.3305976079818298,5.828220043046736,2.915224425,0.2011132077143436,2.659982,3.26123,2.864662,0.2066035490387754,-1.6156356314669762,33.16641666666666,0.0305312908705511,33.13,33.23,33.16,0.5103411658211477,-0.969808360012164,2,1
1.134041666666667,35.168962783230654,-199.62,279.73,2.44,1.3623310600413605,23.26669421850309,0.9168053625,0.0176432725591869,0.883125,0.95861,0.926625,-0.2627267897704515,-1.5437787366494746,32.31033333333333,0.0134122663591534,32.29,32.33,32.31,-0.019432916395791,-0.7678254255294767,4,0
2.00625,80.53766980490663,-355.73,241.6,7.734999999999999,-0.7439091032506454,2.811580777484324,1.0625135666666667,0.0262533683253956,1.009786,1.26055,1.0628815,3.2568742482062705,23.585756387048995,32.5185,0.0270693553672777,32.47,32.59,32.515,0.4896152531784546,-0.6958763823619574,2,1
0.8483333333333328,26.125207266588752,-169.79,85.29,7.165,-1.3236414749794918,6.830486117938564,0.2829329041666666,0.0034942841462855,0.275305,0.290656,0.282981,-0.0295153627926272,-0.8641699692989131,31.877416666666665,0.0206557430808529,31.85,31.93,31.89,0.0988284741168866,-0.7989939750941102,4,0
3.3435,95.30537166699122,-324.73,299.33,2.18,-0.2022679269653436,0.7532215441544592,2.448289158333333,0.1417747245052572,2.181106,2.767272,2.458047,0.0115095023136953,-1.0105410823161347,32.376666666666665,0.025603819159561,32.33,32.43,32.39,-0.1043632162711417,-0.5677302233734824,2,1
-0.567249999999998,144.8574193155837,-589.55,833.52,2.125,0.6260503481925233,6.429614973316193,0.7507444708333334,0.0285127771950427,0.673153,0.804916,0.748628,-0.0922899510079564,-0.5658961074141882,32.66808333333333,0.0199079478824141,32.63,32.73,32.66,1.0164023092566283,0.6665863999151767,2,1
-0.3270416666666666,9.306892696541126,-45.04,68.47,0.165,1.2640274659864488,16.34640995754766,1.8306563291666669,0.0919769557750969,1.675233,1.979686,1.8398745,-0.053080292606661,-1.334009459342221,31.9405,0.0180670049168823,31.89,31.97,31.93,-0.1432910742341521,-0.1450474673136255,2,1
0.5631249999999998,28.392224930152533,-131.46,148.92,2.23,0.3328079525365113,7.269645376364721,2.5417190791666666,0.0706323363804749,2.423015,2.659677,2.567571,-0.3178647879746766,-1.421085296017078,31.783000000000005,0.0145258390463336,31.75,31.81,31.79,0.1227935438891676,-0.4224327786433273,3,0
-0.0749166666666667,8.943688929056188,-47.69,23.33,0.77,-1.9091399056971448,8.636074898125544,3.5150512000000003,0.1241026816966902,3.355521,4.028554,3.483446,1.7761789862265474,4.085416126327253,32.822,0.0270370116691909,32.77,32.89,32.83,0.0715874461648122,-0.4549789572667979,2,1
-0.9099583333333338,34.801691547704934,-210.22,182.25,2.345,-0.7218262302212499,13.098303331657895,0.93342165,0.0043945865356329,0.918948,0.963728,0.933022,1.586677599770101,12.69679992596243,32.584,0.016451950239005,32.55,32.63,32.59,0.4266555923223094,0.7005728971918983,4,0
0.6817499999999999,23.154456182432067,-49.65,40.77,6.655,-0.466434631640493,-0.7994947310064977,0.4358733125,0.004571808688201,0.423673,0.446698,0.435186,0.1478872486296262,-0.4078815626655183,31.278,0.012754084313139,31.25,31.31,31.27,0.574290279907651,0.1349199901285205,4,0
-1.7669999999999992,89.62801220042762,-488.68,354.04,3.775,-1.3529959727459513,9.22645499084587,0.3089769416666666,0.0248382430599455,0.266784,0.355196,0.31163,-0.1155305220471257,-1.3307746690170914,33.686791666666664,0.0243095988700401,33.65,33.73,33.68,0.1698762197479709,-1.1808619265132951,4,0
-0.3127083333333332,22.214396640052986,-55.25,82.12,3.08,0.0762260819319953,0.4831914877532446,1.1158181875,0.0135319100642029,1.082517,1.147755,1.114496,0.4281167426946307,-0.3509018141698958,32.95191666666666,0.0134657487310909,32.91,32.97,32.95,-0.4463391849352466,0.3873989153857122,2,1
2.4733333333333336,45.33681218269419,-145.95,253.84,-0.76,1.4338618200005946,8.411799312586353,1.0333697875,0.0964467687809395,0.990595,2.016777,1.005948,6.18019231603578,50.29336096239416,32.102,0.0465044800709206,32.03,32.18,32.09,0.0862082689957981,-1.5796329571194263,2,1
-0.3577916666666667,59.651214116226754,-262.89,210.07,-0.295,-0.0493663343197282,2.7051764137974152,1.0375811625,0.0194098191839275,0.996992,1.137727,1.032815,1.4056549757390122,3.946918429680305,32.38183333333333,0.0516233689545945,32.31,32.49,32.37,0.6094483823528697,-0.6923601431579294,2,1
0.0536249999999999,10.642894606702397,-42.72,67.49,0.48,0.5761273757490059,8.721861947947204,2.5800581208333333,0.1440707514543851,2.356375,2.869278,2.582918,0.2153837720787996,-1.075953334726192,32.05716666666667,0.0321243244632826,31.99,32.11,32.07,-0.3548104687450775,-0.6334501075525454,2,1
0.3016249999999998,32.27477769522265,-194.56,198.51,0.145,0.9764896872620968,15.925452762041417,1.3967159041666666,0.0332983517984746,1.321583,1.515983,1.402157,-0.1650610059771112,1.960811425064915,31.001166666666663,0.0259866418676135,30.95,31.05,31.01,-0.1002629473903153,-1.145227921060885,4,0
-0.3720416666666669,28.75474696315254,-105.15,113.17,-1.21,0.2599566949243168,2.591132802879652,0.7742185541666667,0.0187006739960194,0.733346,0.808822,0.77812,-0.4657393160260291,-0.5147061230153085,32.08625,0.0226039266500323,32.05,32.13,32.09,0.1133392186820954,-0.7763284610480277,2,1
-0.2638333333333333,48.75262124890199,-269.68,271.69,0.21,-0.5435602282983923,10.930197645080812,0.4247180083333333,0.0091433194168345,0.405498,0.491203,0.422128,2.9096102479951305,16.654828240996192,33.846916666666665,0.0600318781056253,33.75,33.93,33.87,-0.3163804784402353,-1.4983667716477602,1,0
-0.1476250000000002,44.51065874906865,-288.27,234.95,2.48,-0.7314579371743278,10.054844054544889,8.179196766666667,0.3266706639452986,7.348423,8.936101,8.246532,-0.4588380854892316,0.1041329449985646,33.420458333333336,0.0367791598221367,33.33,33.47,33.41,-0.5019068056132872,-0.4139761915192976,2,1
-0.07375,17.04782857934796,-45.8,30.52,2.18,-0.4931197478260178,-0.7048057721747201,1.137377766666667,0.004367396509427,1.122473,1.15062,1.137826,0.0651750674206676,0.5469788080143001,33.255333333333326,0.0140791413879638,33.23,33.29,33.25,-0.1405986709727135,-0.5341163284350281,1,0
-0.4177916666666666,25.9360200404752,-167.3,141.58,1.325,-0.854050940862999,12.634814355649816,0.9990657000000002,0.0074383665014571,0.976522,1.014904,0.996992,0.3263211701086616,-0.6441756996928758,32.14516666666666,0.0164814710778148,32.11,32.18,32.15,-0.1195010071081818,0.0425524109925943,2,1
1.1051249999999997,32.74154425167474,-133.11,203.1,9.18,0.5033375611947155,5.933511312301157,0.1136486583333333,0.0108365036570041,0.097648,0.130963,0.111102,0.0687331166137819,-1.8130843357971065,35.68729166666666,0.0306553137953093,35.63,35.73,35.68,0.0405019792032711,-1.377183456755966,1,0
-0.0197916666666665,6.459221150670094,-17.52,11.74,1.19,-0.5503869305515872,-0.5055610962111805,0.9806787,0.0136785613958486,0.9546,1.007046,0.981462,-0.084185689679619,-1.2244914351625993,31.782333333333334,0.0286569751059351,31.71,31.83,31.79,-0.3988610825724036,-0.4020918541101173,4,0
-0.5647500000000004,71.09058913295648,-357.28,275.7,6.19,-0.8486903385831187,5.125538585553963,0.2003879375,0.0091206897966616,0.183188,0.225401,0.198538,0.551430557078173,-0.4426310213174695,32.775333333333336,0.0727659871704428,32.61,32.87,32.81,-0.8084521777320843,-0.9131340637572238,1,0
2.8625,81.97059337296922,-349.53,541.73,1.9,1.0534389863223574,12.253862820717522,2.866376583333333,0.0853190263903743,2.689243,3.08067,2.876002,0.0667036824162694,-0.2632131918339673,33.221625,0.0494581578205263,33.16,33.33,33.21,0.6189220033347084,-0.6620728935351599,2,1
0.3349999999999994,35.81996589427,-99.82,165.87,-2.12,0.4253002910414332,1.746179269828574,7.010770579166666,0.1052508803228128,6.762281,7.197227,7.039239,-0.5947799834127527,-0.7897195078850934,32.68974999999999,0.0294947029142525,32.63,32.73,32.71,-0.2195290827688475,-1.389736014803214,2,1
-0.9467083333333334,53.56155103786294,-309.87,252.46,3.43,-1.147096943213113,12.38763848948622,2.2156965791666665,0.0764436495838736,2.077492,2.356353,2.2329125000000003,-0.1994937829059072,-1.0095530296662374,33.08883333333333,0.0221804468445127,33.05,33.13,33.09,0.1896766574312384,-0.6968588711762482,2,1
-0.2518333333333338,22.19297553969624,-83.52,58.68,6.785,-0.6645057549580129,0.0453604466608816,0.6086703541666665,0.0371433793184653,0.549002,0.680734,0.607834,0.1297161410912078,-1.1955357415684529,33.11566666666667,0.0964946745795962,32.93,33.27,33.13,-0.0799747208503355,-1.2636308215304886,1,0
0.9319583333333332,19.24901542715706,-39.73,31.32,7.93,-0.4286389143351346,-1.1074313838206151,0.4289444833333333,0.0063848531697856,0.412161,0.441582,0.42879,0.031665423254456,-0.9943850876087432,31.594666666666665,0.0133499895963335,31.57,31.63,31.59,0.0295748845736931,-0.2432370797645875,4,0
-0.0966666666666661,41.91307327539808,-263.06,191.65,4.220000000000001,-0.9600476131621556,8.665014401866943,0.2901232625,0.0020367033477968,0.281702,0.295773,0.290656,-0.7107364865603326,2.259896307269343,32.15499999999999,0.0120415945787915,32.13,32.18,32.15,0.2881679090409871,0.7806611679740283,1,0
0.5557916666666667,44.26020738436049,-216.45,199.71,2.665,0.0375143208649274,5.9650379386903545,0.5027764958333334,0.0145285118471111,0.468022,0.539707,0.500055,0.180970565780965,-0.1722044658215025,35.813875,0.0301175647809268,35.77,35.89,35.81,0.4865858132969959,-0.5979908293011738,1,0
-0.4115833333333334,62.053922297410445,-150.91,108.82,17.065,-0.5658543971078364,-0.756443499521477,0.1727257916666666,0.0018412600300511,0.16528,0.176793,0.172955,-1.4458901623717604,3.1430096845677693,32.745000000000005,0.0124498995979903,32.71,32.77,32.75,-0.1825148102998683,0.070051661650234,3,0
-0.108375,9.020937374207572,-46.26,41.08,0.51,-0.7917561277033404,6.76506805117185,3.906100662500001,0.254892896684026,3.533484,4.73589,3.821316,0.9533884654280506,0.7873650968227563,32.742916666666666,0.0224683419256721,32.71,32.79,32.73,0.6076888435691435,-0.2268800962940447,2,1
-0.9685416666666664,20.908087509141787,-49.78,34.36,4.165,-0.5030927373690727,-0.8122737688939328,0.4133438833333333,0.0042894420580912,0.400648,0.422394,0.41344,-0.3734418128854471,-0.3876065330373515,31.59525,0.0114355075678051,31.57,31.61,31.59,-0.0702146472087465,-0.4620967370332147,4,0
-0.665458333333333,143.6714338306561,-515.49,425.48,7.385,-0.6078919984783047,2.8033610418411743,0.1209361874999999,0.0145955554091765,0.077147,0.155308,0.121993,-1.1390780520551071,1.1724972421471764,35.56008333333333,0.0381662117876825,35.5,35.65,35.55,0.4985630659364163,-0.7802658858081921,1,0
-0.5095833333333335,62.97579527611956,-434.92,300.96,0.495,-1.457108887680552,16.607106034315162,0.9255836,0.0205896863695961,0.871453,0.980183,0.92262,0.2630890232895174,-0.1701752353522154,33.584666666666664,0.0525187797099493,33.49,33.68,33.59,-0.0982974944218764,-1.1246266086117789,2,1
-0.3099583333333334,25.11778132614949,-146.35,103.15,0.1149999999999999,-1.2681579351110424,10.570087354327148,1.0846449083333334,0.0168678218167491,1.057223,1.228663,1.084091,3.4512370569148003,24.13738809140428,32.2595,0.0797793833017029,32.11,32.39,32.25,-0.0507390352369453,-1.2735711716445932,2,1
0.3002083333333323,38.67604070403188,-131.7,153.99,1.065,0.1408560338532867,3.5473343721724686,0.9659149541666668,0.0188624909746494,0.920062,1.014721,0.966112,0.1333545532437056,-0.4468567883941894,33.4265,0.0510824496932827,33.33,33.5,33.43,-0.426603411585181,-0.9145941917364993,2,1
-0.0763333333333333,8.653487922347972,-24.7,16.13,2.3,-0.5433610595639573,-0.5043290694401024,0.3984788291666666,0.0080918860234588,0.383752,0.424686,0.396544,1.004671244003906,0.6504914291557076,34.023374999999994,0.0182307261237719,33.99,34.05,34.03,-0.2061181337926885,-1.1819105770868736,1,0
0.4431666666666656,20.57809480504829,-53.99,65.88,6.94,-0.5652729540853718,-0.1289514165452487,0.1864715291666666,0.0033324988183267,0.176793,0.193422,0.187026,-0.1539103401835295,-0.9441690409944012,31.421000000000003,0.016502525059315,31.39,31.45,31.43,-0.0712038590042803,-0.5187926679038042,4,0
0.7551666666666672,45.6789654451465,-168.97,178.15,2.495,-0.077327537769999,3.261085166970876,0.3511012083333334,0.0024426121499187,0.341827,0.355898,0.350781,-0.4697798124679323,-0.0124244406914169,32.820750000000004,0.0186262583467529,32.77,32.87,32.83,-0.0242975416362639,0.5679575526972105,2,1
-0.983,20.365013323508208,-70.88,76.79,1.38,-0.3058875989333158,1.0580577842328842,0.3303666375,0.0029859664400481,0.322638,0.339268,0.330313,0.4519299879633175,0.6202536032174941,33.18658333333333,0.0181886335080159,33.15,33.23,33.18,0.2406828387552853,-0.6344745182809692,2,1
-0.1928333333333333,9.370729888268515,-59.65,26.0,1.485,-1.3812354585931148,6.693518581963062,0.7421179208333333,0.0349641388680063,0.684526,0.806245,0.7415415000000001,0.0928044952538687,-1.1496337342281344,33.43366666666667,0.021445020141957,33.37,33.47,33.43,-1.2694562864358818,1.667176675867141,1,0
1.91875,65.48864593147043,-262.84,278.39,4.13,-0.1907767042378634,5.278456713798338,2.5080483,0.4224364562058141,2.042955,3.459306,2.309023,0.7050762350257828,-0.8456173971398044,33.89720833333333,0.0388710251629953,33.83,33.97,33.89,0.1211665543252268,-0.8402280160789712,2,1
-2.3065000000000007,182.30305654390435,-478.46,548.69,-1.265,0.0176214018278198,-0.093580975912713,2.820529458333333,0.132370033242762,2.648806,3.24382,2.7786185000000003,1.1195077980270145,0.5932487384634206,34.103624999999994,0.0446815701193823,34.03,34.21,34.09,0.1139767752128316,-0.7755737567572667,2,1
-0.2196250000000001,32.39362494292215,-174.37,148.75,0.125,-0.4352512742986154,10.120882146754322,1.078450458333333,0.0094009839736733,1.062341,1.142943,1.078973,1.814084160148094,9.476980898854876,32.499166666666675,0.0770777024970405,32.37,32.63,32.49,0.2618828688902452,-1.068972668861354,2,1
1.0856250000000007,50.40810428005973,-239.26,155.85,1.485,-0.2177414170608323,2.9096501262060968,1.024616491666667,0.0297909761369377,0.998271,1.247755,1.014904,4.444293123771645,25.87184125184333,32.163999999999994,0.0111355287256608,32.15,32.18,32.16,0.4722479620156763,-1.2135586198804356,2,1
0.2057083333333333,8.318135928896403,-21.53,13.59,2.53,-0.635331739060087,-0.6837949096732898,0.4530087166666667,0.0021837520432477,0.448706,0.457675,0.453831,-0.1496002493782431,-0.8619912743238447,30.62133333333333,0.0199555060627939,30.59,30.65,30.63,-0.1597986992448925,-1.025879228286957,4,0
-0.325208333333334,50.87034852567127,-252.16,203.79,1.5,-0.9982032198981584,7.530660826522535,1.0244504875,0.0478039426311593,0.94724,1.152253,1.0145095,0.4678580667077948,-0.2199096535818707,33.33075,0.0361631142648593,33.27,33.39,33.34,-0.1860312759817627,-0.9063942204821736,2,1
-0.4939999999999999,33.139215651550955,-115.56,147.66,-0.5650000000000001,0.1620463405964726,1.6995330050995352,7.138695770833334,0.0728765788169284,6.906837,7.308522,7.143498,-0.412420334941589,-0.281750430568382,32.61841666666667,0.0179580916457051,32.57,32.66,32.61,-0.0386651767821651,0.0080268828328788,2,1
-0.3417499999999996,16.644893294065703,-40.68,25.68,4.235,-0.5166371666175938,-0.7886415206031288,0.2458552083333333,0.0115573030053121,0.225781,0.268065,0.246282,0.0418740771437419,-1.1589038092622284,33.629875,0.0155048715462801,33.59,33.68,33.63,0.0479616414440451,-0.1207019640424431,4,0
0.1688749999999993,26.64124534096911,-89.71,115.57,3.65,0.0294205885616543,2.514142431005969,1.1328528916666665,0.1135843434827394,0.981285,1.342046,1.120789,0.3249032993482984,-1.2700596026720237,32.16425,0.0639552252230672,32.07,32.27,32.16,0.1573236285025134,-1.3605794425485296,1,0
-0.8611249999999998,54.475829288327866,-375.86,289.79,3.5650000000000004,-0.9955580865778166,13.650199906082127,0.0924852833333333,0.0074451754822427,0.074584,0.10918,0.095085,-1.025161944885423,0.5192935651860413,35.62354166666667,0.017735273625054,35.59,35.66,35.63,0.4181013089551028,-0.4985153591257041,1,0
-0.571166666666667,95.46770015021949,-415.18,335.06,8.395,-0.2486288175744919,2.633527684997752,0.8622962875,0.079230291637394,0.765259,1.065883,0.824104,0.9963128931067734,-0.4558028088381745,32.07383333333334,0.0278143647939141,32.0,32.13,32.07,-0.1061490023071701,-0.4835832059354095,2,1
-0.2860833333333337,44.31535494415439,-248.31,120.09,6.595000000000001,-0.8611567761593554,3.177188625806949,0.1301827,0.0040121284731424,0.11923,0.137138,0.1288234999999999,0.2978484550933959,-0.8325535125905263,32.93166666666667,0.0133124836984782,32.91,32.97,32.93,0.9280993192595616,1.8561899254704444,1,0
-0.1751666666666667,28.673979798280914,-108.99,140.45,3.425,0.4375380761450477,6.089506476625781,0.2069508916666666,0.0174891857621101,0.160433,0.236032,0.2110455,-0.8194959299911616,0.0291645549105652,34.373250000000006,0.0257119459914374,34.33,34.43,34.37,-0.0757817360157866,-0.9719394270138904,3,0
-0.0155416666666666,8.831057583320954,-24.04,12.53,2.6,-0.7961103111932419,-0.4057041999937079,0.4460151874999999,0.0022735652917119,0.442299,0.451268,0.446143,-0.0775126699841627,-0.9006761622208912,30.64716666666666,0.0137345873213907,30.61,30.67,30.65,-0.1193003624032747,-0.2247778924736243,4,0
2.160125,133.50732843331502,-804.36,433.54,11.485,-1.9153278784237515,11.186757795071705,3.677372458333333,0.1297066561308243,3.209288,3.940471,3.6878795,-0.5069093877969996,0.587223257249899,33.8635,0.0247537875889717,33.81,33.91,33.87,-0.121194176040314,-0.8816023181507031,2,1
0.4589999999999999,16.101813919555774,-61.28,76.36,0.72,0.5262491407449884,3.441448459048328,4.111608454166666,0.2677600551415195,3.470546,5.059725,4.0713105,0.8227083932397968,1.665233488924192,32.39908333333333,0.0289250708248432,32.33,32.47,32.41,-0.6836098397430023,-0.0704889810068536,2,1
-0.9574583333333307,175.56385985529576,-1383.3,712.15,-1.36,-1.752559780463231,16.361935150789414,3.9819753583333335,0.0893751840782995,3.82807,4.246285,3.984102,0.4276009332234247,-0.233815830248135,33.7775,0.0277563806478206,33.71,33.83,33.79,-0.3932335234888518,-0.7289037468490536,2,1
-1.3838749999999989,182.9178477360836,-736.79,419.26,5.46,-0.4215471944974986,0.7667717123007196,2.5696231666666667,0.1160782707241708,2.367438,2.853437,2.54649,0.4997440986664494,-0.4728290197641449,34.20883333333333,0.0222179857072791,34.16,34.25,34.21,-0.4025456272863633,-0.8380211590555815,2,1
0.6514166666666659,44.51548488626987,-205.41,224.56,1.925,-0.1922510213074399,7.184029808132749,9.013673270833332,0.256140954043597,8.269772,9.647029,9.0562075,-0.1143040639440106,-0.1523373824311793,32.97341666666667,0.027233430232386,32.91,33.03,32.97,-0.2902242347074001,-0.2972556023586397,2,1
0.0140416666666662,51.59835702243755,-151.52,243.58,-4.66,0.6896889199822877,2.518349837649436,0.3395453208333334,0.0042433930636813,0.329034,0.349502,0.337989,0.1958382465742989,-0.3001674349012848,32.69408333333334,0.0286791397283039,32.65,32.75,32.68,0.4357679387370414,-0.9949346702079258,2,1
0.7118750000000005,50.972004189238135,-181.24,243.8,5.32,0.53680972159979,4.3953353059590015,0.2828689416666667,0.009478997213837,0.274026,0.349502,0.281062,4.910131604682214,27.240510399150327,32.098666666666674,0.0162754074876443,32.07,32.13,32.11,-0.2034010774725403,-0.5757436677229504,1,0
0.0230416666666665,12.34457257252206,-29.22,18.88,2.915,-0.5657136107166718,-0.7465459595837025,0.2513489666666667,0.0145179589663591,0.227062,0.278316,0.251408,0.0496609341733292,-1.246171767772361,33.994083333333336,0.0152203719475649,33.97,34.05,33.99,1.263578787514326,2.6810667991945407,4,0
-1.5352500000000011,70.06060010760329,-296.04,306.78,-5.1850000000000005,0.1508921225534388,3.2418401653939672,6.713395745833333,0.2420724226951814,6.063102,7.299567,6.691853500000001,-0.0281325866557386,-0.5991677654311403,32.986958333333334,0.0242452386505518,32.93,33.05,32.99,-0.0555721916598018,0.2567485420199809,2,1
0.4176249999999999,11.075313980923594,-71.83,58.55,0.165,-1.3510713327873112,20.114758533733625,3.1635488583333333,0.1256810875111616,2.874896,3.523103,3.14226,0.6389890777581909,0.006088811947936,32.936791666666664,0.0406729631396043,32.87,33.0,32.95,-0.3378559406687503,-1.346316435643257,2,1
-0.4410833333333333,41.64735898581153,-275.75,362.89,3.38,1.6468778998810805,31.82998298270588,0.1426441291666666,0.0064389798179382,0.127119,0.164277,0.143776,-0.736262444471578,1.3787932672348115,35.913916666666665,0.0175021824036005,35.89,35.95,35.91,0.2078242549990722,-0.7430627491269997,1,0
-0.0026666666666665,8.319152574364505,-25.59,38.06,0.03,0.5411240161103738,3.571954401006676,1.0068113875000002,0.0036586139799124,0.990595,1.013624,1.007227,-1.0518196039124044,1.8141385868882849,32.853833333333334,0.0372868013585972,32.79,32.91,32.87,-0.2127808708797937,-1.1637842415430546,3,0
0.4056666666666669,22.45773590671053,-64.14,86.38,2.675,0.010032522682143,0.448505211453615,1.1604453291666668,0.0250079838654075,1.119613,1.220668,1.159907,0.391454552767655,-0.5922230811996574,32.94183333333333,0.0204932238123299,32.89,32.97,32.95,-0.1441271102773271,-0.7343913472205457,2,1
0.4294166666666673,39.8262582307166,-287.57,185.36,1.54,-1.4987901022660794,15.848739747488612,9.110497933333331,0.2407349082552124,8.498639,9.719929,9.1438155,0.0425988180803109,-0.2231144388073311,33.06608333333334,0.0321142707980258,33.0,33.13,33.07,-0.2624651814429986,-0.3329019452629818,2,1
0.0163749999999998,11.619930246895128,-27.62,25.09,2.33,-0.3432269540572072,-0.7569649623976109,0.3936765666666666,0.0029764310626244,0.384019,0.401927,0.392973,0.3335512109130322,0.7369595954980706,31.16033333333333,0.0230916050161582,31.11,31.21,31.17,-0.7110183488048276,-0.1986856395655833,3,0
0.6315833333333323,53.106665479263405,-273.0,422.29,3.54,2.2874263881674373,21.694695904183344,1.2352735708333336,0.0098340175794695,1.201796,1.247854,1.237619,-1.6931108205071372,2.4515656111357207,33.41599999999999,0.0264070697604517,33.37,33.47,33.41,0.4826430273974008,-0.4982541051702513,1,0
1.2837916666666669,53.09605596815325,-220.02,283.85,0.26,1.1958421827579948,9.596120766346832,2.133317775,0.0773563325724385,1.964925,2.284719,2.146568,-0.3322009856004736,-0.7338862548115697,34.01241666666667,0.0330528827117321,33.95,34.07,34.0,0.0482660724234042,-1.1187644237572922,2,1
0.2570833333333331,24.83210542475988,-182.71,137.01,2.685,-0.3858550471596857,17.51327047399377,4.731986125000001,0.026086187711144,4.688017,4.837689,4.727674,1.362702678367942,2.0069365643772223,34.277,0.0928313883698113,34.18,34.57,34.23,1.340517035783932,0.5962355137070481,1,0
0.7437500000000009,100.42205910607574,-268.35,426.34,-7.29,0.5267134680832668,1.0991085048304563,2.1912110625,0.1166868441820182,2.031442,2.672309,2.1561615,2.113258151613589,4.847087491972866,32.3095,0.0214806114127757,32.27,32.34,32.31,-0.1276973909529897,-1.0765526146461546,2,1
0.4569166666666669,12.756168135182897,-30.37,24.22,3.085,-0.4690421978042677,-0.7891443978287698,4.310133925000001,0.0158562058451165,4.270243,4.329088,4.317575,-1.0579746767817242,-0.2370276219409035,33.46504166666667,0.0748943584694836,33.31,33.57,33.49,-0.3315552723898406,-1.3386815916116666,4,0
0.142,5.959746582979292,-15.63,15.23,0.6,-0.3536724438336462,-0.3185539561512809,0.8866807666666666,0.0049064172633625,0.874012,0.898316,0.886803,0.0238159945145703,-0.0585058260184445,31.45891666666667,0.0388864979423736,31.39,31.53,31.45,0.0891162334230349,-1.0537841834554869,4,0
1.867666666666668,46.81654168548644,-147.37,114.9,15.9,-0.605119407843207,-0.4191207691140399,0.26249155,0.0027585060898065,0.252279,0.26763,0.262513,-0.354688709932503,0.0654511944051128,33.282000000000004,0.0132664991614205,33.25,33.31,33.29,-0.3723680024552461,0.0169835692424729,4,0
0.3712083333333334,19.87383635478054,-125.09,116.32,1.29,0.7997011011887153,18.135980761987128,0.3795501791666666,0.0096455979919373,0.362862,0.400018,0.379518,0.1656847423481768,-0.9336569586457562,30.929500000000004,0.0272595548997649,30.87,30.99,30.93,0.0653152378744,-0.6212333617807779,3,0
-1.3082916666666666,92.9409909207536,-731.27,241.1,3.565,-2.152877374728318,16.023581674881648,0.6183701791666666,0.0240682351069564,0.583273,0.66784,0.610821,0.4132496925120441,-1.1839331864658795,33.97758333333333,0.0385680315229536,33.91,34.05,33.97,0.1992049383561069,-0.8121919465537681,2,1
-6.110083333333334,107.12683443000198,-545.31,298.3,-0.175,-1.3402214139935946,6.669870912891589,0.6477928958333333,0.0545973514063944,0.546114,0.726782,0.663996,-0.6292692117806529,-0.9902680814158766,33.744625,0.0427671140207841,33.65,33.81,33.75,-0.6601385155003243,-0.6054767181774681,2,1
0.4955833333333336,51.7977523289031,-393.44,268.8,2.73,-1.3554854646671304,17.669046287600594,1.1943860999999998,0.0287808990535679,1.141359,1.284627,1.184851,0.878717372715681,0.2155743214118475,32.8505,0.0461130856337612,32.73,32.93,32.87,-0.7100629040341803,-0.1803332989600372,2,1
-0.3555416666666662,44.7268290351544,-232.07,200.36,1.78,-1.3402628294052792,8.950363575132476,8.830509549999999,0.1965790904905855,8.260818,9.249379,8.845233,-0.3646577845892571,-0.1841390182435551,32.576375,0.037010485563779,32.5,32.66,32.57,0.3470009777399677,-0.5118822510593826,2,1
0.5240416666666661,35.50647061801926,-87.17,106.08,-0.11,0.3284326714680633,0.5563514038134612,0.3368428916666667,0.0043037372679564,0.320079,0.344385,0.337989,-1.7708831110993353,4.613292674953328,32.65308333333333,0.0140710005172175,32.61,32.68,32.65,-0.5968592650283627,1.9567367924361228,2,1
-0.3575416666666666,20.255909904023824,-115.49,130.25,-0.85,0.641787106616224,11.898728360447445,0.3927630916666667,0.0102558756821767,0.375674,0.417956,0.388487,0.6643902439235915,-0.6082304135945824,30.8325,0.0237434201411683,30.77,30.89,30.83,-0.4844360614385311,0.1983347417491638,3,0
-0.0997499999999997,10.486819422692786,-25.86,62.99,0.14,0.6562159643703069,4.555201814965972,4.401179283333334,0.030831586751437,4.34316,4.457013,4.3962485,0.3599560873935197,-1.0945285622193135,34.185500000000005,0.0519109814971747,34.13,34.31,34.16,0.8504362558797018,-0.4900109963667427,1,0
0.0842916666666667,6.691591888202978,-20.56,22.04,0.47,-0.0471655688282312,0.665588822419668,2.4764399125,0.0128662495272131,2.451159,2.507446,2.474185,0.3128604206641261,-0.6956077589770766,31.72558333333333,0.021652399148567,31.67,31.77,31.73,-0.3240157945379172,-0.3139964803683623,4,0
0.1668750000000006,37.34207661139164,-179.77,130.68,2.33,-0.4886257552877879,2.9222355839077703,3.0641985750000003,0.0898599487500467,2.778952,3.216456,3.0891705,-1.2576311182982058,1.073177052927797,33.49766666666667,0.0392584032052012,33.43,33.57,33.49,0.2389592250391111,-1.029405469956603,2,1
-1.188583333333333,19.061332600137263,-75.96,66.67,-1.19,-0.2105211397291533,1.1751090637680952,2.52370205,0.099515532006261,2.348677,2.703314,2.5082395,0.1869582916700591,-1.1255652772618496,33.132041666666666,0.0153703696731362,33.11,33.16,33.13,0.0481186407705514,-0.9669825258982064,2,1
-3.053083333333334,117.72533476129824,-796.33,686.28,2.615,-0.8439233739639606,17.680260473391325,0.7789565708333335,0.0068585569810018,0.739496,0.793212,0.780422,-2.330254256562445,8.973840085009023,35.472166666666666,0.0459743285855152,35.39,35.55,35.47,-0.3078986971600242,-0.922351028539167,1,0
0.7043333333333339,36.40249021320136,-88.76,85.41,7.17,-0.5556156456379673,-0.5474586203130247,0.1210258875,0.0015963214248735,0.114113,0.124346,0.121788,-1.579611605991411,4.077461186356507,33.062,0.0127540843131404,33.03,33.09,33.07,-0.5742902799067375,0.1349199901272211,1,0
0.028625,6.809103907713679,-28.03,27.98,0.145,-0.2169624580761235,3.5267032661300104,4.476098466666667,0.1997902576084034,3.979943,4.879166,4.4870755,-0.2981123369070313,-0.679772801126231,32.64508333333333,0.0305094475349657,32.59,32.71,32.65,0.1056608709536245,-0.2200275922342434,2,1
0.5187083333333348,297.2058735252634,-1597.73,1409.94,3.22,-0.3520115926896003,5.021472991355784,4.144828654166667,0.1508813376802874,3.899601,4.738588,4.1099875,2.0864215681696603,4.828739745864153,33.72779166666667,0.028308536943631,33.66,33.77,33.73,-0.3892873333081926,-0.6670039442673965,2,1
0.2327916666666664,15.966890720798796,-85.8,48.58,3.94,-0.7923951003702268,3.3010495666497923,0.2599922041666666,0.0077165235255791,0.244589,0.276568,0.257381,0.3270432480946266,-1.0616133816500608,33.57491666666667,0.049337204240028,33.5,33.71,33.55,1.2321148392023706,0.6579924788084877,1,0
-2.5372499999999985,125.66670346902087,-674.53,474.71,4.220000000000001,-0.7502142365670119,5.32805321406628,0.8436874916666668,0.0541774351462389,0.715368,0.939237,0.8477705,-0.145575219824062,-1.1081629529356876,32.609500000000004,0.0300236018270071,32.53,32.66,32.61,-0.5464999100436468,-0.3217297448353489,2,1
-2.169416666666667,77.18074004996144,-406.87,319.0,4.52,-0.9271392203163696,5.448035585540346,2.467860820833333,0.099872106479222,2.29879,2.790298,2.4452555,0.9538865987158468,1.026342482985879,32.48916666666667,0.0165621724286269,32.45,32.53,32.49,0.4215184711377326,0.5814285753482378,2,1
1.6958749999999998,60.71267206468822,-273.41,271.89,1.145,-0.1304599055368604,6.518505363419784,1.13155645,0.1076664088946617,1.054664,1.704602,1.091767,3.073427225025838,9.810043495310047,32.068333333333335,0.0197624784770432,32.03,32.13,32.07,0.4811903655678549,0.9212953739856102,2,1
-0.1519999999999998,14.636578385446969,-49.07,39.94,5.220000000000001,-0.6354100272388696,-0.2618727091431063,0.313507125,0.0015457821135943,0.307287,0.316242,0.313683,-1.4586050890146012,3.790268439547984,31.67183333333333,0.0206552387758874,31.63,31.71,31.67,-0.0022087758197823,-0.6844513089444155,4,0
-0.0683333333333332,6.054010287037474,-37.14,37.25,0.095,-0.0524183923234808,10.398460339284892,0.8781810791666665,0.0061184039835755,0.86618,0.89048,0.877691,0.2044824378858333,-1.1809357526301958,30.327416666666668,0.14303260603404,30.09,30.57,30.33,-0.0361995016273358,-1.260723835673967,4,0
-0.6169999999999999,24.748631615370847,-137.37,177.78,0.545,1.019994745925996,17.26276523749299,3.382523466666667,0.4734717612134846,2.237218,4.330267,3.4494455,-0.4085780636883565,-0.1884569944843748,32.480250000000005,0.0193848093447765,32.43,32.53,32.47,0.0266840519615915,0.1891359561750216,2,1
-4.221999999999998,159.49283056823174,-768.62,787.62,5.949999999999999,-1.1673548689887336,9.80075197863996,0.8480939083333333,0.0244920020661493,0.777933,0.891759,0.8553095,-0.2847227503147194,-1.2046098006587105,34.15054166666667,0.0574612036991525,34.05,34.29,34.15,0.4742496649722671,-0.0281818087108263,1,0
2.5159999999999987,113.61387796245084,-298.94,302.34,1.745,-0.0560218785296982,-0.0591421160640708,2.0974275541666665,0.0885157034020257,1.961088,2.388852,2.090804,0.7213985116015108,0.7964466603576397,32.25533333333333,0.0233428552000166,32.21,32.31,32.25,0.2265420521457428,-0.360703264334596,2,1
0.3162500000000008,50.93290024732707,-285.62,228.99,0.055,-0.4965496136419557,8.66284141724243,0.426817925,0.0048928493116017,0.405498,0.442594,0.4278834999999999,-0.7681303750448122,2.174855504006944,33.99466666666667,0.0178387842136795,33.95,34.05,33.99,0.6221997168241906,1.342682246319257,1,0
-0.2362083333333345,36.9722958358453,-256.01,97.03,0.86,-2.894826616879602,18.83458863855824,0.9623262166666664,0.0594082723301482,0.867728,1.159941,0.9517245,1.5023222830468903,2.279259693796638,33.452,0.0429651021178825,33.37,33.53,33.45,-0.2027988743665881,-1.071504984569939,2,1
-0.6569583333333332,33.15532829724755,-83.1,52.92,6.720000000000001,-0.5887742322982278,-0.6684596774056044,0.1385344874999999,0.0023296034640778,0.128184,0.143534,0.138417,-0.6988543421878733,1.1621506673607969,32.911666666666655,0.0147384606462902,32.87,32.95,32.91,0.1181608248289482,2.196234555304678,1,0
0.5146250000000004,96.59853759603564,-433.19,423.26,-1.165,-0.2275487542288065,6.177344559984219,3.6107003625,0.1141406714396294,3.396919,3.812576,3.6047475,-0.1269911960323573,-1.1486472516208166,33.78470833333334,0.0402998957470399,33.71,33.87,33.79,0.1168702516016792,-1.1497439256718165,2,1
0.0792500000000001,13.88543056363396,-54.24,45.3,3.375,-0.3498404753965415,0.5284203477987166,0.3958937999999999,0.0034271678907906,0.380181,0.404486,0.395531,-0.5908349351524761,2.9031455308659484,31.0895,0.0156976643697926,31.07,31.13,31.09,0.0961901671092889,-1.2379914231151092,3,0
-0.0386250000000001,23.05020956577276,-59.54,104.91,3.885,0.5619319429011,2.7531863806134225,0.2377273791666666,0.0040151309009876,0.227973,0.256117,0.236928,1.5747838046154523,4.733032978490694,33.57983333333333,0.0187075445268012,33.53,33.61,33.57,-0.0525159990181059,-0.3391463459036137,1,0
0.3391666666666665,39.7624707708859,-101.6,101.11,9.34,-0.505511359067163,-0.5954231975342137,0.1637022708333333,0.0045413239118656,0.152488,0.171676,0.1633615,0.0720448717090303,-1.1679178767778269,32.89766666666666,0.0126973313031594,32.87,32.93,32.89,0.6429443856372782,0.2454225416414193,1,0
-0.7140000000000005,130.40304990617875,-549.44,494.65,5.27,-0.6325486414140515,4.0081070942777455,0.8397218666666666,0.0428112924761939,0.752466,0.920048,0.8336985,-0.1763942723256175,-0.8660027427739356,32.519124999999995,0.0220714984010294,32.47,32.57,32.53,0.2308824888822063,-0.7114975368933889,2,1
-0.9164999999999996,32.40873628745805,-117.69,113.89,1.355,-0.0813031731801,1.914469366182869,2.357388375,0.0903153557915321,2.164186,2.553688,2.335874,0.4513938297475225,-0.7017563273720673,32.71925,0.0572008522663789,32.65,32.87,32.71,0.8967740753037731,-0.1485741416591715,1,0
-1.4025416666666672,58.1259218403453,-363.62,302.39,3.24,-1.1967885142585883,10.801314413622826,0.3892678416666666,0.0158113929775841,0.367323,0.478591,0.386507,2.3681339438536937,7.718596944411674,33.85433333333334,0.0268865931067663,33.81,33.93,33.84,0.9062910742530874,0.0474138945688782,1,0
0.1205833333333333,6.450652847559093,-18.19,14.32,0.61,-0.1663586652722535,-0.2820178535858906,2.4287238541666665,0.0140460045997512,2.401268,2.456276,2.428132,0.080800243496742,-1.1100799829473034,31.65525,0.0227472525813568,31.61,31.71,31.65,0.0346815849042967,-0.5850913013773096,4,0
-0.4027499999999998,34.558080674966604,-123.54,95.12,6.965,-0.5947938082197038,0.4530217375971963,0.2906244458333333,0.0054524373522672,0.279143,0.306008,0.289377,0.5723586454428227,-0.7512880968186035,32.16058333333332,0.0131843236037683,32.13,32.18,32.16,-0.1958613029597087,0.142207216952936,1,0
-0.8905833333333326,45.25404579143235,-220.84,223.94,-1.3450000000000002,0.1240979540676639,5.554767109499327,1.0337751291666666,0.0259877691078735,0.986579,1.104263,1.0294314999999998,0.4325626654272646,-0.5706959457947787,33.260124999999995,0.0535916757373138,33.16,33.34,33.27,-0.0056521585658571,-1.4604724283329658,2,1
-0.2983749999999999,30.60415975717531,-68.03,39.06,8.905000000000001,-0.6890720568026142,-0.799155951888451,0.2683121083333333,0.0018384542274958,0.261234,0.271468,0.268909,-1.1689116810270557,2.622904777066448,32.259,0.017483325389259,32.23,32.29,32.25,0.0410498889372942,-0.6805316435785485,1,0
1.05675,63.1595435605011,-230.8,232.99,1.025,-0.2154835827418227,3.044866869879377,0.7720280374999999,0.022840692728719,0.735836,0.833059,0.769096,0.5409710208616076,-0.3356111311844465,32.1865,0.0477432368683429,32.11,32.29,32.18,0.2637814985911956,-0.8802873826737256,2,1
0.0754166666666667,30.781759030196035,-94.3,108.78,1.5750000000000002,-0.1480099214163374,1.773557490832848,8.5956409375,0.1160650003908022,8.386155,8.911738,8.5773565,0.6913276611270366,-0.0640107023744285,32.77425,0.0255656833796145,32.73,32.83,32.77,0.1619840890746762,-0.7055806192841736,2,1
-0.9965000000000012,35.61975878755124,-114.33,69.25,7.41,-0.6299796174742495,-0.5165950045171943,0.126814275,0.0020188089205539,0.117951,0.130742,0.126905,-1.4378360210687915,3.6738295401497294,32.96166666666667,0.0138041861605648,32.93,32.99,32.97,-0.4555251973699609,0.001623271590327,1,0
-0.4273749999999995,42.63787276032943,-208.03,228.47,0.785,-0.429744342269663,9.31960233203744,9.117704654166667,0.1963360551858968,8.710944,9.700745,9.1310265,0.2652446125492905,-0.4207572385078353,33.17016666666667,0.0388798005253219,33.09,33.25,33.16,0.2407503218865557,-0.7323184075324463,2,1
-0.0477499999999999,27.642022959089545,-113.53,252.92,2.25,3.156644532925084,33.25637727290318,3.6452815916666665,0.2052676330978047,3.152641,4.166901,3.62713,0.6077190334956355,2.4565768177926057,32.611250000000005,0.0229151514650608,32.55,32.66,32.61,-0.6624369838082101,0.3574077895114813,4,0
0.5592083333333332,66.77278867390466,-268.36,331.69,3.69,-0.11566994200777,3.966906097127023,2.4268403500000004,0.1665350255618493,2.213085,2.896164,2.3966465,0.7660597654269082,-0.174164309261791,32.45533333333333,0.0162754074876445,32.43,32.49,32.45,0.4069404759758148,-0.2128808235234238,2,1
-0.2333750000000002,37.37931763055662,-88.34,56.83,11.26,-0.6698429027851859,-0.7274958798861029,0.1210578708333333,0.0014925917434056,0.114113,0.124346,0.121788,-2.0606733827339334,6.983243181423184,33.07066666666666,0.0145907124188281,33.03,33.09,33.07,-0.3108144409023358,-0.3495224634389768,1,0
-0.3289166666666668,28.28797754924145,-60.51,50.39,6.75,-0.4150439281482898,-0.980321305384106,0.3981484374999999,0.002438918027752,0.390415,0.403206,0.39809,-0.4254867036098789,0.1900555245580717,31.169000000000004,0.0156737572606792,31.13,31.21,31.17,-0.1207397410595176,0.1994832310316039,4,0
-0.2840833333333339,44.40121881765247,-182.11,209.2,-0.595,0.4528514341530441,5.607535686869642,3.0579372875,0.1403680692042822,2.892632,3.507541,3.00885,1.3727737252364212,1.1199718633070916,33.68008333333333,0.0427978938993753,33.59,33.75,33.68,-0.1790694998753666,-0.8006923184856491,2,1
-0.3702500000000001,73.11290577436267,-278.23,278.19,2.49,-0.1695446484926817,2.640544052690206,8.988795645833333,0.304681711304593,8.232682,9.861891,9.028154,-0.0431756509502712,0.2706390785148338,33.28879166666667,0.0324261714857342,33.21,33.34,33.29,-0.2953710157865185,-0.9942619306771974,2,1
0.1272083333333334,18.009917248281035,-44.15,27.24,6.47,-0.630712955504989,-0.89641984786237,0.4275001333333333,0.0023874028442128,0.41344,0.432627,0.427511,-1.3036852110604753,4.426919536519513,34.0445,0.0149916643505641,34.0,34.07,34.05,-0.0224742168988325,-0.083749899434272,3,0
0.1849583333333326,35.4604869420166,-152.22,159.3,1.63,-0.1263707642560445,4.677297651700288,8.305973858333333,0.2193889110501901,7.646068,8.768559,8.277445,-0.3811450128455879,-0.1240219089300231,32.456625,0.0313426127660099,32.41,32.53,32.45,0.173132746284031,-0.9993661536962052,2,1
-0.4887916666666663,25.691996804256583,-242.66,128.96,0.21,-4.716565945698592,48.35520034952164,3.000470575,0.1073959203805528,2.849311,3.299608,2.965723,0.4427841835148321,-0.8187058988998119,33.05437500000001,0.042608012255131,32.99,33.13,33.05,0.1928767866792403,-0.9992969750974856,2,1
1.897,34.23569104019956,-105.36,146.88,8.96,-0.2885736086693616,0.8393036495345547,0.1213990375,0.0045652451589256,0.107717,0.126905,0.124346,-0.5988941027464013,-0.9315732102770332,33.0095,0.016874537030686,32.99,33.05,33.0,0.9167129501254032,-0.5088175129499786,1,0
0.1406249999999998,21.358212648207285,-74.03,70.25,1.39,-0.3667734786595774,1.7947853865601258,8.9595751125,0.1024088685643639,8.666182,9.154635,8.961617,-0.4140842102471848,-0.2042250416185238,32.85925,0.0336566610544371,32.81,32.93,32.84,0.5272091872811366,-0.7855615359450989,2,1
0.2421666666666666,6.38048792326174,-14.78,12.47,0.63,-0.198826114327297,-0.888474456938035,0.8987082166666667,0.006067305421524,0.882807,0.909664,0.899433,-0.2163791954405998,-0.9231298667105774,29.89966666666667,0.1114146409688699,29.69,30.11,29.87,0.2684748190103354,-0.8014297101849217,4,0
0.1732916666666666,24.464601306409985,-53.96,38.47,5.245,-0.4577142623663576,-0.9643118349966096,0.1783720041666666,0.002473006543154,0.171965,0.183497,0.178372,0.0349412451561557,-0.460483440952443,34.012791666666665,0.1125838499247954,33.83,34.21,34.0,-0.0799826262711012,-1.320246209940069,4,0
-0.1032499999999998,85.02119582455597,-455.41,350.27,-0.64,-0.4179189153726308,7.681114623390416,0.7764972916666666,0.0596962425732552,0.698592,0.930513,0.748564,0.9520103086435086,-0.4554723863630534,33.59504166666667,0.0344238037394023,33.53,33.68,33.59,0.3386535885144668,-0.4169609046233899,2,1
-0.329041666666666,51.04866235105087,-185.91,217.51,0.64,0.2386673446846357,3.849856387679066,0.3619587625,0.0206825068239505,0.341827,0.57465,0.362295,5.78609826453603,52.35665452580331,32.871583333333334,0.0211343256864791,32.83,32.91,32.87,-0.3482951356284655,-0.8735262746875168,2,1
0.7264999999999998,28.42694619986467,-91.27,87.14,1.11,-0.021024434872271,1.2221955847342394,6.936481920833334,0.1645740894590677,6.631798,7.474824,6.915152,0.5497907706067218,0.1469806581538111,32.86820833333333,0.0343953475132241,32.81,32.93,32.87,0.080631109357671,-1.512635527924573,2,1
0.6842916666666667,15.436589363098648,-54.17,102.0,1.47,1.5272660587028175,11.117685780192156,4.145835408333333,0.0701362109715202,3.968339,4.346998,4.158948,-0.2541395966549746,1.3987124089954055,34.297583333333336,0.0476881507528052,34.16,34.34,34.31,-1.899527613856604,2.585791761867793,1,0
-2.274041666666665,82.8640716318896,-379.91,331.41,5.734999999999999,-0.5406888539935504,4.595409596752162,0.3366110041666666,0.0260890986586508,0.284722,0.389792,0.33982,-0.1598884683011224,-0.5599780796667106,35.86816666666667,0.0300827562271512,35.79,35.91,35.87,-0.4657353708384936,-0.8408374408427903,1,0
-0.1152499999999996,59.95378736941896,-542.45,213.59,3.85,-2.941822749016995,28.792590140485377,0.1998929916666666,0.0111785297311377,0.173247,0.242438,0.196311,1.0528290797649993,1.7993096329414209,34.28025000000001,0.0365823841942183,34.21,34.34,34.27,0.1217102864764791,-1.1511133978307198,3,0
-0.6050833333333328,61.49014202151746,-187.58,232.37,-0.865,0.1604935948526461,1.2214740239829882,1.3661940458333333,0.0194593634111893,1.328457,1.410339,1.36428,0.2789138899048143,-0.9950805424725976,33.452666666666666,0.0180616229121923,33.41,33.49,33.45,0.1431076761586518,0.1709201887400357,1,0
0.7839166666666675,73.97245469650436,-268.02,431.62,0.11,1.083700368560389,6.228704768609347,6.5759783,0.2174732895680945,5.991464,7.115355,6.542821,-0.0485909664995973,-0.8020352425889667,33.0955,0.0190547456905972,33.05,33.13,33.09,-0.0810528370054421,-0.3209033546406306,2,1
0.6523333333333334,36.638125821638624,-85.24,87.68,10.505,-0.5273361458113179,-0.8027566186963186,0.1252419833333333,0.001584975733165,0.116671,0.128184,0.125626,-2.3099312459852888,7.965647411124834,32.98666666666667,0.0107496769977322,32.97,33.0,32.99,-0.6000778562909108,-0.976089900418792,1,0
0.2617916666666672,58.12304734102125,-256.12,210.83,0.69,-0.3042671282287521,4.515407145086568,3.0175110416666664,0.0988546992044296,2.845302,3.295572,2.998803,0.5987972875191434,-0.1964503750948529,33.79379166666667,0.0267277620441532,33.73,33.84,33.81,-0.496801584482916,-0.4877746609951523,2,1
-6.560625,211.31991722865604,-672.13,518.1,4.465,-0.3226425039049745,0.3437795262576006,3.574569975,0.1418847742936125,3.174383,3.970033,3.5682980000000004,0.2832366951768124,0.9767455792806544,33.71004166666666,0.0474912089818281,33.65,33.81,33.71,0.47746521595386,-1.1506485454457571,2,1
0.4541666666666666,37.45898469400306,-140.15,96.47,-0.8799999999999999,-0.2999029225661669,1.962438872914848,1.076387075,0.038752750686599,0.997212,1.183004,1.0734505,0.3304995295960169,-0.0251974673568486,32.88558333333334,0.0672965555499603,32.77,33.0,32.89,0.0393785648585794,-1.2519797389376663,2,1
-0.5297916666666667,23.84723026279147,-99.64,144.66,2.46,0.2295572740724412,6.964462814772235,0.099740875,0.0050755385125825,0.092523,0.125837,0.098929,3.474837221072118,14.062174866169988,35.676666666666655,0.0277888866675557,35.61,35.73,35.68,-0.0738141014568402,-0.921946248413394,1,0
0.1750416666666664,51.43516416322848,-241.1,182.27,1.235,-0.2061195841373321,4.017855418210719,1.0439461916666668,0.0132734776683905,1.00211,1.092947,1.0436905,0.0905273057288612,1.1206924790311112,32.62383333333334,0.0255663624492973,32.55,32.66,32.63,-0.6617779028809153,-0.1950203025738064,2,1
0.5939999999999995,30.25457531239421,-102.24,102.07,1.755,-0.3560759845954213,1.5614816540999077,3.064102595833333,0.0826553062268185,2.842915,3.238204,3.088531,-0.7067850780496256,-0.1680822727781641,33.38516666666667,0.0355430099394452,33.33,33.47,33.37,0.3114597834546904,-0.8115482595277244,2,1
-0.477375,54.77801752095491,-416.11,383.07,1.745,-0.7194935201679903,27.10390417850042,2.9789173083333336,0.0618505196235644,2.789018,3.159979,2.9738595,0.2775254916286589,0.9853755175679324,33.381833333333326,0.0475566913156165,33.31,33.49,33.39,0.2277091147896053,-1.0379751410511808,2,1
-0.1617916666666667,5.130572226688161,-12.42,14.47,0.295,-0.1560477389102585,-0.2608578726163753,1.0143385416666666,0.0028953926918348,1.00211,1.020021,1.014904,-1.0804868855633722,2.7681093629569697,32.91633333333333,0.0198298316236483,32.89,32.97,32.91,0.3623924109600925,-0.4627526138790632,3,0
0.0892499999999998,27.497417444264965,-137.18,151.6,1.915,0.4207686275392796,10.665426802829232,0.9009614291666668,0.0737752459991605,0.806245,1.025339,0.869026,0.5917883153145942,-1.1640020515941634,33.27916666666667,0.0396144614447249,33.21,33.37,33.27,0.5315892979678161,-0.463951872148054,1,0
-0.9215,40.876110701525086,-316.95,118.99,1.645,-2.213877322668345,16.627072318521012,3.085833879166666,0.0852891059698691,2.869779,3.36357,3.0814955,0.1184408872338194,0.7015909403454512,33.665,0.0541140770348467,33.53,33.77,33.66,-0.0288940383091936,-0.4143435741659504,2,1
0.283916666666667,41.57387173846561,-155.68,149.99,0.78,0.1535539817789009,3.129280798511013,1.1305393375,0.0369384011536809,1.061278,1.238102,1.127907,0.3846188008541331,0.4204080829179637,32.68658333333333,0.0552418294612173,32.59,32.79,32.66,0.2811703604890419,-1.2921790987094768,2,1
0.1411250000000003,15.667623516380573,-79.25,58.87,0.765,-0.4601373936932034,5.591059886376662,4.682063579166667,0.4479345393606193,3.776766,5.55524,4.7659625000000005,-0.4718213491768659,-0.5086472008750764,32.32175,0.0344882226274409,32.27,32.37,32.33,-0.1183597539337281,-1.2435616127388098,2,1
0.5441249999999974,158.37910479311245,-523.64,654.04,9.78,-0.1468142792626185,2.6665579882972694,0.7877522041666667,0.0353363386876147,0.696179,0.84841,0.7940415000000001,-0.6347726833963898,-0.389749702429969,32.73316666666666,0.0200409303399043,32.68,32.77,32.73,-0.7789468960482763,0.4171432344384991,2,1
-0.2641666666666667,16.381583769756684,-104.86,56.73,0.47,-1.192313773869167,9.889170692483088,0.3679333375,0.0172199430522749,0.35133,0.403862,0.360299,1.259620233549392,-0.0930256948118883,31.041500000000003,0.047375274845289,30.95,31.11,31.05,-0.3402597208122793,-1.1491269670871302,4,0
-0.3485833333333331,24.36195652021931,-126.44,98.64,4.145,-0.756801961390174,4.393054389527768,1.090125058333333,0.009541660768961,1.070017,1.108399,1.0911274999999998,-0.1141131475768892,-1.243258801948457,33.20466666666666,0.0198718114143849,33.16,33.25,33.21,-0.3030775972613659,-0.5646020402256462,1,0
0.0662083333333333,5.870133817889553,-25.02,20.23,0.3299999999999999,-0.3075186114670857,2.4428398206526194,2.170645983333334,0.108521291301752,1.980967,2.361499,2.1699520000000003,0.0248318500532233,-1.2532791639398304,31.97833333333333,0.0173365381652611,31.93,32.0,31.99,-0.5908221346652325,-0.4728624520704501,2,1
-0.1616250000000002,32.48896990173805,-96.57,92.35,3.810000000000001,-0.3401410744566428,-0.2333545179599037,0.7804645083333333,0.0067174654576656,0.762586,0.790723,0.78177,-0.7145423594135315,-0.6271923346368387,35.49033333333333,0.0212890164691141,35.45,35.53,35.49,-0.054225341322621,-0.116291844232157,1,0
1.2455416666666683,72.40087936648234,-365.47,312.26,1.84,-0.3997444367734589,5.500255675354854,1.0875590833333333,0.0369757820841523,1.027513,1.168222,1.076121,0.2833575992346154,-1.2055747242910275,33.05854166666667,0.0355896510784934,32.99,33.13,33.05,0.318635643479601,-0.3141674889431951,2,1
0.4989583333333344,63.93150833247195,-226.33,310.98,2.015,0.2959152040395699,4.974413110967797,0.3994967791666667,0.0039591994399624,0.388869,0.409336,0.399102,-0.1368630218598326,-0.4402582918690894,33.602,0.0381575680566775,33.53,33.66,33.61,0.0807106293859105,-1.3764930674271612,1,0
-0.5549583333333337,74.66053207684945,-330.28,361.08,4.445,0.0065166867380569,4.835328940643633,2.895991141666668,0.117374745198573,2.229848,3.034802,2.914553,-3.335265273844849,14.447530775598688,34.31416666666667,0.012687482895445,34.29,34.34,34.31,0.1636701043204411,-0.2310641221761682,1,0
-0.3216666666666665,17.048851370563217,-41.85,30.97,4.555,-0.4930612671537199,-0.9685445815830782,0.1674326125,0.0036985927678434,0.160433,0.175809,0.16684,0.1905241339808499,-0.9039053672134116,34.525666666666666,0.0619910387789151,34.41,34.61,34.55,-0.3664226887868068,-1.2232428881042972,4,0
0.0348333333333331,12.396830474179904,-35.45,31.01,3.06,-0.5232285494086955,-0.040568668647098,0.3283794874999999,0.0134433707739729,0.304655,0.354534,0.325118,0.4275054837754401,-1.1302335186090402,34.035583333333335,0.0152367884484293,34.0,34.07,34.03,-0.4208538965287593,0.665480748820606,1,0
-0.3532916666666665,101.58919116347106,-547.74,459.72,7.83,-0.9634905597390926,8.168441650034628,0.7701517999999999,0.0286310277888051,0.716647,0.867599,0.7665379999999999,1.1809254710178425,1.7603572065255864,32.387458333333335,0.068979150936271,32.27,32.5,32.39,0.006493640768859,-1.3313240197144025,2,1
-0.3129166666666668,40.12280595031194,-138.07,149.5,0.6799999999999999,-0.0158631304569173,1.9829078227239945,6.908142720833333,0.0689898375406448,6.682968,7.042438,6.9125935,-0.4197362206434776,-0.1830853988964724,32.788875,0.0372265726106141,32.71,32.84,32.79,-0.1918209646694665,-1.3743343076141377,2,1
0.2846666666666667,16.115722909286102,-61.33,40.96,0.305,-0.497670316629552,0.2493210342251566,0.3077345791666667,0.0074941934157096,0.291936,0.321359,0.3066474999999999,0.2040586888517236,-1.1202067240468767,33.03483333333334,0.0424457169675448,32.95,33.11,33.03,0.0361435233057099,-1.357980102581296,2,1
-1.8735833333333327,76.29503568162036,-326.03,416.71,1.715,-0.0705199842829901,6.027192552309179,6.616770975,0.210511528005929,6.290808,7.115355,6.553694500000001,0.5291454757570815,-0.8554096197871108,33.019708333333334,0.0242967404649712,32.97,33.07,33.03,0.1622356191192644,-1.3562730934882137,2,1
0.1769166666666673,55.323723909004194,-540.29,300.25,1.585,-2.544744119545012,44.07972624090805,0.7708670291666666,0.0046987944769535,0.760028,0.779212,0.77026,-0.1657697756795723,-1.1118182678957065,35.48179166666667,0.1462151608551213,35.21,35.66,35.53,-0.6179813886082242,-1.0067283911207765,1,0
-0.5265000000000003,108.38532503026715,-345.19,416.61,2.67,-0.0765911977320441,2.1272277193584705,1.2873719625000002,0.1488344171383736,1.037032,1.640539,1.2580615,0.4722231723845692,-0.8107806489569849,35.80275,0.0285325106968635,35.75,35.87,35.81,-0.4749016035700199,-0.4977259199602009,1,0
-0.138125,29.29015556009177,-78.63,54.06,7.365,-0.6007854162447083,-0.5313414823168752,0.1521309791666666,0.0013523997789359,0.144813,0.155047,0.152488,-0.7627636393723431,3.431744647231706,32.936,0.0128062484748677,32.91,32.95,32.93,-0.3679790231955848,-0.6950317683833069,4,0
0.3574166666666666,13.43159025058918,-32.99,89.7,1.0499999999999998,1.459599612127817,9.1046592127584,4.396907308333334,0.1478775400745943,4.15539,4.696383,4.3798445,0.1711272057732766,-1.302960593411087,32.66483333333333,0.0209357482683462,32.63,32.71,32.66,0.5609278497874018,-0.0757823520964318,4,0
0.0015833333333332,7.199283702312953,-16.62,12.26,1.03,-0.3695783788644594,-1.109592707643,4.479011058333333,0.045646624777705,4.41096,4.572146,4.473644,0.3149245797233212,-1.1399597316976813,33.21720833333333,0.0599871369313645,33.13,33.34,33.21,0.2253030060035112,-1.2322917798907904,3,0
0.08925,8.703835520667504,-23.9,16.32,1.905,-0.5788218399389494,-0.4958971057734938,4.604207129166666,0.0105010656473116,4.569587,4.630991,4.604127,0.2649798228074858,0.6999958572960625,30.652416666666667,0.0845724130881666,30.51,30.83,30.63,0.2962770401699027,-1.0706448064978398,4,0
1.2086250000000005,44.21304715269058,-112.01,120.57,14.52,-0.468701673014434,-0.519465570024952,0.2498056583333333,0.002397443800161,0.240766,0.254837,0.24972,-0.6054849287542412,0.656047692699631,33.269416666666665,0.0130891706723111,33.25,33.31,33.27,0.3889136403541147,0.5222377818636201,4,0
2.8994583333333352,154.3100928977857,-689.04,880.5,13.04,-0.3125342738281211,7.243857959358545,0.6961311458333334,0.0448300999057318,0.607911,0.784447,0.700017,-0.2208303316114664,-1.16554915292997,32.73225,0.0175576431599843,32.68,32.77,32.73,-0.1008099712984637,0.2320710869187379,2,1
-2.9139166666666667,76.45501701758833,-224.88,335.87,-1.435,0.2658060088794153,2.729081135905998,6.382477249999999,0.1432758792288063,6.109155,6.757735,6.353492,0.4351529461600718,-0.7368022155188205,33.139958333333325,0.0202792569856202,33.09,33.18,33.15,-0.4377338309629277,-0.4295845342409956,2,1
0.5030833333333333,38.52570599171055,-188.29,178.81,4.904999999999999,-0.5090473278965646,6.411186841878832,1.760697416666667,0.0404862400170484,1.69426,1.841365,1.754382,0.3666876944933315,-1.002722219708947,32.97025,0.0160708068662817,32.93,33.0,32.97,-0.2409228837835265,-0.3554776498996999,2,1
-0.0673333333333336,65.61721710970544,-319.97,340.18,3.59,-0.5692741141287262,6.512297906732027,2.6077847625,0.1463286577681308,2.410078,3.111371,2.560046,1.26650411443235,1.3405483339022166,32.55783333333333,0.0245690636551116,32.5,32.61,32.55,-0.324524796180076,-0.2458028665084319,2,1
0.1001666666666669,26.763163847700984,-90.83,72.15,0.79,-0.2647006403879102,0.9489386521246056,7.144377758333333,0.0575354975007452,6.922188,7.270144,7.148615,-0.9515345119215768,1.7383675401565184,32.5865,0.0213170510781083,32.53,32.63,32.59,0.0430337065355154,-0.3927754846253402,2,1
-0.1744583333333334,10.228861848055102,-29.58,15.81,3.125,-0.8140158147905437,-0.2942684246684215,0.4586729124999999,0.0017916348437047,0.455112,0.4628,0.458956,0.0403498096797539,-0.6937402228795042,30.567666666666664,0.020196259279601,30.53,30.63,30.57,0.4806340909420243,0.1824384623827386,4,0
0.5395000000000003,26.63058523108345,-181.16,184.9,1.925,-0.3073110922219405,19.653118649196188,0.8941171791666667,0.0120410188621533,0.880566,1.016183,0.892081,6.209807839673481,51.19720385677908,32.272666666666666,0.0184270332814471,32.23,32.31,32.27,-0.0110554280196958,-0.2317051579865867,4,0
0.2768333333333335,58.465255893042055,-265.08,175.8,6.115,-0.6317837087290901,2.631725921791096,0.3986866208333333,0.011523745833151,0.376344,0.424952,0.396811,0.3431477751167978,-0.9989011601802408,33.63208333333333,0.055833022387193,33.53,33.77,33.63,0.3656393572963742,-0.7006581447541582,1,0
-0.0543333333333334,8.787293073270943,-24.11,31.66,2.215,-0.2618826511839727,-0.0063428065605206,5.435606675,0.2122822160912082,5.0725,5.860013,5.419093500000001,0.0824384851007286,-1.105856758458163,32.787083333333335,0.021828720886839,32.75,32.83,32.79,0.3509500608928264,-0.7535982495576392,4,0
-0.0588333333333333,7.373664137018688,-19.1,13.57,1.52,-0.4317470142310934,-0.7489592546418193,4.5852368750000005,0.0224533540373379,4.537606,4.620758,4.596452,-0.2163020866874077,-1.6441204536423046,30.07658333333333,0.0989022735948084,29.93,30.25,30.09,-0.1375532551302826,-1.4174063066831455,4,0
0.4776666666666662,34.87172747449651,-178.08,172.29,1.925,0.5092039136015769,10.132959294474963,0.9398079833333332,0.0272036565849406,0.895919,1.040492,0.93686,0.7882042495476941,1.5440535974418386,32.54600000000001,0.0194250697124444,32.5,32.59,32.55,-0.3305950439627512,0.5216093503283266,4,0
3.6321250000000047,277.38233887704723,-816.06,1066.21,13.125,-0.1130500014338043,1.2987902666090432,4.307322691666667,0.0784081445472765,4.099206,4.68871,4.290958,1.8568363804548984,5.927512882454048,33.64729166666666,0.0127049175737396,33.61,33.68,33.65,-0.2156465367458293,0.879503595147789,2,1
0.12375,5.451126651512817,-30.69,14.15,0.495,-0.9943464615858728,4.083951982800565,2.9040629750000004,0.018655559713511,2.859545,2.9363,2.905598,-0.050574134655572,-1.2254519516605658,31.56158333333333,0.0117257432837133,31.55,31.59,31.57,0.4377165446150963,-0.6891544660320044,4,0
-0.1481249999999998,12.790045031235888,-87.57,54.42,1.005,-1.5270296407785873,11.63158246499399,1.3960177125000002,0.0470133209061167,1.316467,1.484009,1.390646,0.1576315212252628,-1.0485857529275988,33.74375,0.0242749013042972,33.71,33.81,33.739999999999995,0.660781800814351,-0.0192738699463683,4,0
2.1310416666666665,71.23932673974113,-267.28,287.94,-1.3199999999999998,0.277509790720046,2.7966020724474414,0.6006024083333334,0.0164854679639856,0.556365,0.64862,0.597367,0.5831639018116258,0.3594244700972435,33.86358333333333,0.032946821630553,33.79,33.93,33.87,-0.3054822620821835,-0.6880178478542893,2,1
1.1337083333333335,51.95185228489546,-220.03,273.7,-0.0049999999999999,0.9385173244085973,7.449640032661348,6.632857666666667,0.2296325424246252,5.739893,7.126868,6.608063,-0.589739053375855,1.8097083323641925,32.954166666666666,0.0162061373833767,32.91,32.99,32.95,-0.020960618464491,0.1272790991810488,2,1
-0.0388749999999998,13.969830021074293,-98.0,119.79,1.075,0.3156754197406881,35.79906450967287,1.0076323333333337,0.0046129126253256,0.993154,1.016183,1.007227,-0.2928253533181981,-0.3950497150890459,32.88649999999999,0.0146997732408812,32.84,32.91,32.89,-0.2655640420693993,0.2657649941523909,3,0
0.1812500000000002,20.968898578708583,-54.69,33.98,5.48,-0.6915240913148278,-0.5812110964299491,0.2464205208333333,0.0068084617266236,0.231755,0.261171,0.244545,0.3939120032643919,-0.6997874806090429,34.00775,0.0154899160746598,33.97,34.03,34.0,0.5769756711994114,-1.2311935913999497,1,0
-0.6696666666666659,138.12727568522533,-463.3,485.58,-6.095000000000001,0.0795289058419524,1.879586191707196,1.4686031791666667,0.053366700254204,1.397041,1.634924,1.4552325000000002,1.2060590865297576,0.8375473844418653,34.44691666666667,0.0177621241847806,34.41,34.49,34.45,0.0205235779770848,-0.5622671973321776,3,0
0.2161250000000002,39.94741206137189,-137.89,193.11,-0.395,0.5568782688705836,3.527395728104547,0.342866025,0.0034883371658583,0.334151,0.352061,0.341827,0.9306097909397066,0.6514420205238625,32.78483333333334,0.0195781908141565,32.75,32.83,32.79,0.4844139999071081,-0.3652961803153398,2,1
0.0017916666666666,4.087134147533032,-13.51,11.46,-0.36,-0.1224033050971656,0.2577942296851963,4.878313479166667,0.0982739722698719,4.645063,5.047487,4.917544,-0.5523223685076875,-0.9554974853102348,32.553999999999995,0.0339950976857939,32.49,32.61,32.55,0.1080401825381466,-0.8800095124604232,2,1
-0.3668333333333337,43.32281818863536,-239.92,289.48,-0.0849999999999999,0.7877283390752626,16.046710283863412,1.0135975708333334,0.0323684608212477,0.982919,1.306608,1.011065,6.12580261792255,50.05461867699186,32.151333333333326,0.0107186234605416,32.11,32.18,32.15,-0.4319481747366916,4.486084586043335,2,1
-0.753583333333333,34.70452468809202,-229.26,107.84,3.285,-1.8570407783290164,9.188873482746018,1.9566604041666664,0.068438940090413,1.837528,2.076213,1.953933,0.1242481108549547,-1.147398180458859,33.02716666666666,0.0218396937300456,32.99,33.07,33.03,0.0380300451248058,-0.7402494144781717,2,1
0.0577499999999997,16.94749890409103,-45.25,30.37,5.324999999999999,-0.6242488960338488,-0.6123281988660176,0.3141148291666667,0.0020982506543108,0.304728,0.317521,0.314962,-1.5276742484579378,3.5855086653867576,32.51925,0.0201726919373684,32.49,32.55,32.53,0.0847098149144271,-1.4073178455655748,4,0
0.0732499999999997,25.588659651705736,-78.0,104.03,0.255,0.6480755736721207,1.9053573814836064,1.134872575,0.0173460463586866,1.099146,1.183572,1.132405,0.6745348804519965,0.299243425822369,32.9615,0.013943337716151,32.93,32.99,32.97,-0.0847301863097607,-0.1903558889088632,2,1
-0.0171666666666667,33.35488133150662,-190.78,197.22,3.515,-0.6909149578148603,13.029162116269122,0.4167496958333334,0.0149830583511283,0.385032,0.498878,0.413173,2.646048084794382,10.15152412433908,34.01591666666666,0.0245627032080928,33.95,34.05,34.03,-0.1527514541253123,-1.0080234821748544,1,0
0.1419583333333334,16.30294096418181,-84.37,36.67,3.4000000000000004,-0.9277406694408268,2.145931795447687,0.2133681625,0.0076930303767605,0.200155,0.227062,0.212968,0.0466887824690953,-1.1798560771273563,33.64674999999999,0.0113770602529808,33.63,33.68,33.65,-0.1733336999774505,-0.180244720123984,4,0
-0.0735416666666664,16.466250318148653,-115.95,43.1,3.5650000000000004,-2.718494089989948,17.698467773795674,0.9273870916666666,0.0032153046952448,0.91511,0.934301,0.927904,-0.6628953103979994,0.8635352469244708,32.531,0.029816103031751,32.49,32.61,32.53,0.5251216851854001,-0.5826590143235664,4,0
0.2626666666666665,7.3288166090364735,-18.83,15.88,0.995,-0.3760383278050115,-0.8783516052503773,4.5825718250000005,0.0082701671070002,4.549119,4.601569,4.583659,-0.5471765229214052,0.3465145359093293,30.376,0.0851116913238128,30.21,30.53,30.37,-0.1021856195425218,-1.01110978869978,4,0
-0.9610833333333336,75.74544370010908,-216.35,223.98,5.98,0.0439705063180625,0.378793386977359,2.505499979166667,0.198757435277221,2.117147,2.992407,2.51497,0.1482486744314545,-0.3658900825709787,32.636833333333335,0.0226929994099979,32.59,32.68,32.63,-0.0854789932250954,-0.9708967621965652,2,1
0.72,13.635060505916352,-51.87,58.17,3.535,-0.2531104909252957,1.160628724801708,4.607568245833334,0.0807553434339511,4.482058,4.777565,4.585677,0.4366245237659372,-0.7992955530444448,33.699958333333335,0.0877947317927194,33.5,33.83,33.71,-0.4661727410614888,-0.7450191514968547,1,0
-1.3717500000000002,74.38743097977527,-462.43,358.96,-1.195,-0.9180075168935868,8.998972837211962,1.0386359916666663,0.0251348779186067,0.958437,1.099146,1.039025,-0.1299698599129803,0.1790172745999849,33.12670833333333,0.0229037463577937,33.09,33.18,33.13,-0.1602439219996898,-1.000335932257281,2,1
0.3711666666666667,32.44007547728924,-195.75,257.27,1.7,0.7412082943670112,23.17269748476368,0.3281119458333333,0.028646627859306,0.291936,0.380204,0.329034,0.3131192010814824,-1.4794080885084386,32.91783333333333,0.0346694710404166,32.87,32.99,32.91,0.2416353845710374,-1.2614612769588955,2,1
-0.1445416666666665,6.975220232360447,-27.3,30.76,0.3199999999999999,-0.1634406068131316,4.805465558888017,4.370306529166667,0.2839113732312412,3.835704,5.063569,4.417746,-0.0971577126385971,-0.6198694358608225,32.25175,0.0378519594384939,32.16,32.31,32.27,-0.81368431601912,-0.3020301276288646,2,1
-0.6892083333333322,36.722428157597776,-221.07,211.94,0.66,-0.5777828205330476,11.7594879860676,3.0805410500000003,0.1438384983912136,2.561479,3.368687,3.129467,-1.0136535300583676,0.7194519627604747,33.285916666666665,0.0365603572496527,33.21,33.37,33.29,-0.0502682723021626,-0.9902161290227828,2,1
-0.0501666666666665,41.29728464607436,-182.52,128.47,9.82,-0.7152205492115178,0.98846512074759,2.437843908333333,0.0306290659202974,2.389755,2.49977,2.437087,0.1367118626552633,-1.3003906482727858,34.41733333333333,0.0126315302143319,34.39,34.45,34.41,-0.0855093843914017,-0.3112023444449319,1,0
-0.3830416666666664,42.67625161607174,-162.58,179.58,0.825,0.2909883339683268,3.5323728428969203,0.3403341375,0.0025973286424569,0.330313,0.348223,0.340547,-0.3427011048872151,2.091700464494782,32.75066666666667,0.0126315302143325,32.71,32.77,32.75,-0.425771640621768,0.8867858393479118,2,1
